,county,num_pharmacies,num_pharmacies_mgp,num_missing,pct_missing,B01001_001E,pharmacies_per_10000
2,BRONX,477,415.0,62.0,6.950672645739911,1427056.0,3.342545772555527
23,KINGS,884,784.0,100.0,5.995203836930456,2576771.0,3.4306502207607896
30,NEW YORK,640,538.0,102.0,8.65874363327674,1629153.0,3.928421701338057
40,QUEENS,846,687.0,159.0,10.371819960861057,2270976.0,3.7252705444707472
42,RICHMOND,103,89.0,14.0,7.291666666666667,475596.0,2.165703664454705
