,majority_race,num_pharmacies_x,unadjusted_mean_x,adjusted_mean_x,num_pharmacies_y,unadjusted_mean_y,adjusted_mean_y
0,all,5411,0.8637959711698392,0.2556323315559159,2327,1.080790717662226,0.3291738484786205
1,white,3520,0.8,0.23079902931453386,864,1.0856481481481481,0.32241415354748704
2,black,623,0.6324237560192616,0.19590617327140797,488,0.6987704918032787,0.21204735436774952
3,hispanic,507,1.2485207100591715,0.3186979270196941,416,1.3677884615384615,0.35140913758769765
4,native,5,0.4,0.1592619985231852,0,,
5,asian,144,1.8958333333333333,0.5772388562056096,140,1.9285714285714286,0.5841886823778625
6,integrated,685,0.910948905109489,0.3369754112160815,685,0.910948905109489,0.3369754112160815
